通用浴室_0_0,通用/通用浴室_昼.webp
通用浴室_0_1,通用/通用浴室_夜.webp

山中小屋_0_0,通用/山中小屋_昼.webp
山中小屋_0_1,通用/山中小屋_夜.webp

隙间_0_0,通用/隙间_昼.webp
隙间_0_1,通用/隙间_夜.webp
;00

神社鸟居_1_0,00/1_1_0.webp
神社鸟居_1_1,00/1_1_1.webp
神社鸟居_2_0,00/1_2_0.webp
神社鸟居_2_1,00/1_2_1.webp
神社鸟居_3_0,00/1_3_0.webp
神社鸟居_3_1,00/1_3_1.webp
神社鸟居_4_0,00/1_4_0.webp
神社鸟居_4_1,00/1_4_1.webp

神社净手池_1_0,00/2_1_0.webp
神社净手池_1_1,00/2_1_1.webp
神社净手池_2_0,00/2_2_0.webp
神社净手池_2_1,00/2_2_1.webp
神社净手池_3_0,00/2_3_0.webp
神社净手池_3_1,00/2_3_1.webp
神社净手池_4_0,00/2_4_0.webp
神社净手池_4_1,00/2_4_1.webp

神社走廊_1_0,00/3_1_0.webp
神社走廊_1_1,00/3_1_1.webp
神社走廊_2_0,00/3_2_0.webp
神社走廊_2_1,00/3_2_1.webp
神社走廊_3_0,00/3_3_0.webp
神社走廊_3_1,00/3_3_1.webp
神社走廊_4_0,00/3_4_0.webp
神社走廊_4_1,00/3_4_1.webp

神社庭院_1_0,00/4_1_0.webp
神社庭院_1_1,00/4_1_1.webp
神社庭院_2_0,00/4_2_0.webp
神社庭院_2_1,00/4_2_1.webp
神社庭院_3_0,00/4_3_0.webp
神社庭院_3_1,00/4_3_1.webp
神社庭院_4_0,00/4_4_0.webp
神社庭院_4_1,00/4_4_1.webp

后宫别墅_0_0,00/5_0_0.webp
后宫别墅_0_1,00/5_0_1.webp

守矢分社_1_0,00/6_1_0.webp
守矢分社_1_1,00/6_1_1.webp
守矢分社_2_0,00/6_2_0.webp
守矢分社_2_1,00/6_2_1.webp
守矢分社_3_0,00/6_3_0.webp
守矢分社_3_1,00/6_3_1.webp
守矢分社_4_0,00/6_4_0.webp
守矢分社_4_1,00/6_4_1.webp

镇守之森_1_0,00/7_1_0.webp
镇守之森_1_1,00/7_1_1.webp
镇守之森_2_0,00/7_2_0.webp
镇守之森_2_1,00/7_2_1.webp
镇守之森_3_0,00/7_3_0.webp
镇守之森_3_1,00/7_3_1.webp
镇守之森_4_0,00/7_4_0.webp
镇守之森_4_1,00/7_4_1.webp

梦幻遗迹_1_0,00/8_1_0.webp
梦幻遗迹_1_1,00/8_1_1.webp
梦幻遗迹_2_0,00/8_2_0.webp
梦幻遗迹_2_1,00/8_2_1.webp
梦幻遗迹_3_0,00/8_3_0.webp
梦幻遗迹_3_1,00/8_3_1.webp
梦幻遗迹_4_0,00/8_4_0.webp
梦幻遗迹_4_1,00/8_4_1.webp

大别墅温泉_1_0,00/9_1_0.webp
大别墅温泉_1_1,00/9_1_1.webp
大别墅温泉_2_0,00/9_2_0.webp
大别墅温泉_2_1,00/9_2_1.webp
大别墅温泉_3_0,00/9_3_0.webp
大别墅温泉_3_1,00/9_3_1.webp
大别墅温泉_4_0,00/9_4_0.webp
大别墅温泉_4_1,00/9_4_1.webp

大别墅庭_1_0,00/10_1_0.webp
大别墅庭_1_1,00/10_1_1.webp
大别墅庭_2_0,00/10_2_0.webp
大别墅庭_2_1,00/10_2_1.webp
大别墅庭_3_0,00/10_3_0.webp
大别墅庭_3_1,00/10_3_1.webp
大别墅庭_4_0,00/10_4_0.webp
大别墅庭_4_1,00/10_4_1.webp

神社赛銭箱_0_0,00/11_0_0.webp
神社赛銭箱_0_1,00/11_0_1.webp

神社本堂_0_0,00/12_0_0.webp
神社本堂_0_1,00/12_0_1.webp

神社库房_0_0,00/13_0_0.webp
神社库房_0_1,00/13_0_1.webp

神社玄关_0_0,00/14_0_0.webp
神社玄关_0_1,00/14_0_1.webp

神社厨房_0_0,00/15_0_0.webp
神社厨房_0_1,00/15_0_1.webp

神社起居室_0_0,00/16_0_0.webp
神社起居室_0_1,00/16_0_1.webp

神社更衣室_0_0,00/17_0_0.webp
神社更衣室_0_1,00/17_0_1.webp

神社浴室_0_0,00/18_0_0.webp
神社浴室_0_1,00/18_0_1.webp

灵梦私室_0_0,00/19_0_0.webp
灵梦私室_0_1,00/19_0_1.webp

神社仓库_0_0,00/20_0_0.webp
神社仓库_0_1,00/20_0_1.webp

参道_1_0,00/21_1_0.webp
参道_1_1,00/21_1_1.webp
参道_2_0,00/21_2_0.webp
参道_2_1,00/21_2_1.webp
参道_3_0,00/21_3_0.webp
参道_3_1,00/21_3_1.webp
参道_4_0,00/21_4_0.webp
参道_4_1,00/21_4_1.webp

温泉更衣室_0_0,00/22_0_0.webp
温泉更衣室_0_1,00/22_0_1.webp

神社温泉_1_0,00/23_1_0.webp
神社温泉_1_1,00/23_1_1.webp
神社温泉_2_0,00/23_2_0.webp
神社温泉_2_1,00/23_2_1.webp
神社温泉_3_0,00/23_3_0.webp
神社温泉_3_1,00/23_3_1.webp
神社温泉_4_0,00/23_4_0.webp
神社温泉_4_1,00/23_4_1.webp

三月精厨房_0_0,00/24_0_0.webp
三月精厨房_0_1,00/24_0_1.webp

三月精浴室_0_0,00/25_0_0.webp
三月精浴室_0_1,00/25_0_1.webp

三月精私室_0_0,00/26_0_0.webp
三月精私室_0_1,00/26_0_1.webp

神社别馆_0_0,00/27_0_0.webp
神社别馆_0_1,00/27_0_1.webp

神社和室_0_0,00/28_0_0.webp
神社和室_0_1,00/28_0_1.webp

大别墅主卧_0_0,00/29_0_0.webp
大别墅主卧_0_1,00/29_0_1.webp

大别墅厨房_0_0,00/30_0_0.webp
大别墅厨房_0_1,00/30_0_1.webp

大别墅客厅_0_0,00/31_0_0.webp
大别墅客厅_0_1,00/31_0_1.webp

大别墅客卧_0_0,00/32_0_0.webp
大别墅客卧_0_1,00/32_0_1.webp

大别墅宴会厅_0_0,00/33_0_0.webp
大别墅宴会厅_0_1,00/33_0_1.webp

先代小屋_0_0,00/34_0_0.webp
先代小屋_0_1,00/34_0_1.webp

神社厕所_0_0,00/35_0_0.webp

三月精大厅_0_0,00/36_0_0.webp

三月精二阶走廊_0_0,00/37_0_0.webp

三月精地下室_0_0,00/38_0_0.webp

梦幻遗迹大厅_0_0,00/39_0_0.webp

梦幻遗迹卫浴_0_0,00/40_0_0.webp

梦幻遗迹食堂_0_0,00/41_0_0.webp

梦幻遗迹厨房_0_0,00/42_0_0.webp

梦幻遗迹主卧_0_0,00/43_0_0.webp

梦幻遗迹二楼走廊_0_0,00/44_0_0.webp

梦幻遗迹舰桥_0_0,00/45_0_0.webp

梦幻遗迹资料室_0_0,00/46_0_0.webp

梦幻遗迹研究室_0_0,00/47_0_0.webp

梦幻遗迹仓库_0_0,00/48_0_0.webp

神社境内_1_0,00/49_1_0.webp
神社境内_1_1,00/49_1_1.webp
神社境内_2_0,00/49_2_0.webp
神社境内_2_1,00/49_2_1.webp
神社境内_3_0,00/49_3_0.webp
神社境内_3_1,00/49_3_1.webp
神社境内_4_0,00/49_4_0.webp
神社境内_4_1,00/49_4_1.webp

;01
地藏小路_1_0,01/1_1_0.webp
地藏小路_2_0,01/1_2_0.webp
地藏小路_3_0,01/1_3_0.webp
地藏小路_4_0,01/1_4_0.webp
地藏小路_1_1,01/1_1_1.webp
地藏小路_2_1,01/1_2_1.webp
地藏小路_3_1,01/1_3_1.webp
地藏小路_4_1,01/1_4_1.webp

命莲寺后院_1_0,01/2_1_0.webp
命莲寺后院_2_0,01/2_2_0.webp
命莲寺后院_3_0,01/2_3_0.webp
命莲寺后院_4_0,01/2_4_0.webp
命莲寺后院_1_1,01/2_1_1.webp
命莲寺后院_2_1,01/2_2_1.webp
命莲寺后院_3_1,01/2_3_1.webp
命莲寺后院_4_1,01/2_4_1.webp

命莲寺后院外景走廊_1_0,01/3_1_0.webp
命莲寺后院外景走廊_2_0,01/3_2_0.webp
命莲寺后院外景走廊_3_0,01/3_3_0.webp
命莲寺后院外景走廊_4_0,01/3_4_0.webp
命莲寺后院外景走廊_1_1,01/3_1_1.webp
命莲寺后院外景走廊_2_1,01/3_2_1.webp
命莲寺后院外景走廊_3_1,01/3_3_1.webp
命莲寺后院外景走廊_4_1,01/3_4_1.webp

命莲寺山门_1_0,01/4_1_0.webp
命莲寺山门_2_0,01/4_2_0.webp
命莲寺山门_3_0,01/4_3_0.webp
命莲寺山门_4_0,01/4_4_0.webp
命莲寺山门_1_1,01/4_1_1.webp
命莲寺山门_2_1,01/4_2_1.webp
命莲寺山门_3_1,01/4_3_1.webp
命莲寺山门_4_1,01/4_4_1.webp

命莲寺墓地_1_0,01/5_1_0.webp
命莲寺墓地_2_0,01/5_2_0.webp
命莲寺墓地_3_0,01/5_3_0.webp
命莲寺墓地_4_0,01/5_4_0.webp
命莲寺墓地_1_1,01/5_1_1.webp
命莲寺墓地_2_1,01/5_2_1.webp
命莲寺墓地_3_1,01/5_3_1.webp
命莲寺墓地_4_1,01/5_4_1.webp

命莲寺后院内部走廊_0_0,01/6_0_0.webp
命莲寺后院内部走廊_0_1,01/6_0_1.webp

命莲寺后院玄关_0_0,01/7_0_0.webp
命莲寺后院玄关_0_1,01/7_0_1.webp

命莲寺后院客厅_0_0,01/8_0_0.webp
命莲寺后院客厅_0_1,01/8_0_1.webp

命莲寺通用卧室_0_0,01/9_0_0.webp
命莲寺通用卧室_0_1,01/9_0_1.webp

命莲寺本堂_0_0,01/10_0_0.webp
命莲寺本堂_0_1,01/10_0_1.webp

命莲寺讲堂_0_0,01/11_0_0.webp
命莲寺讲堂_0_1,01/11_0_1.webp

命莲寺经藏_0_0,01/12_0_0.webp

神灵庙大门_0_0,01/13_0_0.webp
神灵庙大门_0_1,01/13_0_1.webp

神灵庙钟楼_0_0,01/14_0_0.webp
神灵庙钟楼_0_1,01/14_0_1.webp

神灵庙邪仙楼_0_0,01/15_0_0.webp
神灵庙邪仙楼_0_1,01/15_0_1.webp

神灵庙道场_0_0,01/16_0_0.webp
神灵庙道场_0_1,01/16_0_1.webp

神灵庙调药室_0_0,01/17_0_0.webp
神灵庙调药室_0_1,01/17_0_1.webp

神灵庙枯山水_0_0,01/18_0_0.webp
神灵庙枯山水_0_1,01/18_0_1.webp

神灵庙客厅_0_0,01/19_0_0.webp
神灵庙客厅_0_1,01/19_0_1.webp

神灵庙通用私室_0_0,01/20_0_0.webp
神灵庙通用私室_0_1,01/20_0_1.webp

神灵庙走廊_0_0,01/21_0_0.webp
神灵庙走廊_0_1,01/21_0_1.webp
;02
人里广场_1_0,02/1_1_0.webp
人里广场_2_0,02/1_2_0.webp
人里广场_3_0,02/1_3_0.webp
人里广场_4_0,02/1_4_0.webp
人里广场_1_1,02/1_1_1.webp
人里广场_2_1,02/1_2_1.webp
人里广场_3_1,02/1_3_1.webp
人里广场_4_1,02/1_4_1.webp

铃奈庵_0_0,02/2_0_0.webp
铃奈庵_0_1,02/2_0_1.webp

鲵吞亭_0_0,02/3_0_0.webp
鲵吞亭_0_1,02/3_0_1.webp

寺子屋_0_0,02/4_0_0.webp
寺子屋_0_1,02/4_0_1.webp

警察署_0_0,02/5_0_0.webp
警察署_0_1,02/5_0_1.webp

大众浴场_0_0,02/6_0_0.webp

私人房间_0_0,02/7_0_0.webp
私人房间_0_1,02/7_0_1.webp

稗田邸_0_0,02/8_0_0.webp
稗田邸_0_1,02/8_0_1.webp

甜品店_0_0,02/9_0_0.webp
甜品店_0_1,02/9_0_1.webp

商家町_0_0,02/10_0_0.webp
商家町_0_1,02/10_0_1.webp

食料品店_0_0,02/11_0_0.webp
食料品店_0_1,02/11_0_1.webp

人里的门_1_0,02/12_1_0.webp
人里的门_1_1,02/12_1_1.webp
人里的门_2_0,02/12_2_0.webp
人里的门_2_1,02/12_2_1.webp
人里的门_3_0,02/12_3_0.webp
人里的门_3_1,02/12_3_1.webp
人里的门_4_0,02/12_4_0.webp
人里的门_4_1,02/12_4_1.webp

南大街_1_0,02/13_1_0.webp
南大街_1_1,02/13_1_1.webp
南大街_2_0,02/13_2_0.webp
南大街_2_1,02/13_2_1.webp
南大街_3_0,02/13_3_0.webp
南大街_3_1,02/13_3_1.webp
南大街_4_0,02/13_4_0.webp
南大街_4_1,02/13_4_1.webp

东大街_1_0,02/14_1_0.webp
东大街_1_1,02/14_1_1.webp
东大街_2_0,02/14_2_0.webp
东大街_2_1,02/14_2_1.webp
东大街_3_0,02/14_3_0.webp
东大街_3_1,02/14_3_1.webp
东大街_4_0,02/14_4_0.webp
东大街_4_1,02/14_4_1.webp

北大街_1_0,02/15_1_0.webp
北大街_1_1,02/15_1_1.webp
北大街_2_0,02/15_2_0.webp
北大街_2_1,02/15_2_1.webp
北大街_3_0,02/15_3_0.webp
北大街_3_1,02/15_3_1.webp
北大街_4_0,02/15_4_0.webp
北大街_4_1,02/15_4_1.webp

西大街_1_0,02/16_1_0.webp
西大街_1_1,02/16_1_1.webp
西大街_2_0,02/16_2_0.webp
西大街_2_1,02/16_2_1.webp
西大街_3_0,02/16_3_0.webp
西大街_3_1,02/16_3_1.webp
西大街_4_0,02/16_4_0.webp
西大街_4_1,02/16_4_1.webp

瞭望塔_1_0,02/17_1_0.webp
瞭望塔_1_1,02/17_1_1.webp
瞭望塔_2_0,02/17_2_0.webp
瞭望塔_2_1,02/17_2_1.webp
瞭望塔_3_0,02/17_3_0.webp
瞭望塔_3_1,02/17_3_1.webp
瞭望塔_4_0,02/17_4_0.webp
瞭望塔_4_1,02/17_4_1.webp

长屋前_1_0,02/18_1_0.webp
长屋前_1_1,02/18_1_1.webp
长屋前_2_0,02/18_2_0.webp
长屋前_2_1,02/18_2_1.webp
长屋前_3_0,02/18_3_0.webp
长屋前_3_1,02/18_3_1.webp
长屋前_4_0,02/18_4_0.webp
长屋前_4_1,02/18_4_1.webp

酒屋_0_0,02/19_0_0.webp
酒屋_0_1,02/19_0_1.webp

咖啡店_0_0,02/20_0_0.webp
咖啡店_0_1,02/20_0_1.webp

花店_0_0,02/21_0_0.webp
花店_0_1,02/21_0_1.webp

料理屋_0_0,02/22_0_0.webp
料理屋_0_1,02/22_0_1.webp

集会所_0_0,02/23_0_0.webp
集会所_0_1,02/23_0_1.webp

蔬菜店_0_0,02/24_0_0.webp
蔬菜店_0_1,02/24_0_1.webp

公共水井_0_0,02/25_0_0.webp
公共水井_0_1,02/25_0_1.webp

情侣酒店_0_0,02/26_0_0.webp

公共厕所_0_0,02/27_0_0.webp

;03
红魔馆正门_1_0,03/1_1_0.webp
红魔馆正门_2_0,03/1_2_0.webp
红魔馆正门_3_0,03/1_3_0.webp
红魔馆正门_4_0,03/1_4_0.webp
红魔馆正门_1_1,03/1_1_1.webp
红魔馆正门_2_1,03/1_2_1.webp
红魔馆正门_3_1,03/1_3_1.webp
红魔馆正门_4_1,03/1_4_1.webp

红魔馆大厅_0_0,03/2_0_0.webp
红魔馆大厅_0_1,03/2_0_1.webp

红魔馆餐厅_0_0,03/3_0_0.webp
红魔馆餐厅_0_1,03/3_0_1.webp

红魔馆会客室_0_0,03/4_0_0.webp
红魔馆会客室_0_1,03/4_0_1.webp

大图书馆_0_0,03/5_0_0.webp
大图书馆_0_1,03/5_0_1.webp

守卫小屋_0_0,03/6_0_0.webp
守卫小屋_0_1,03/6_0_1.webp

红魔馆仓库_0_0,03/7_0_0.webp

帕秋莉私室_0_0,03/8_0_0.webp
帕秋莉私室_0_1,03/8_0_1.webp

小恶魔私室_0_0,03/9_0_0.webp

地下走廊_0_0,03/10_0_0.webp

红魔馆后院_1_0,03/11_1_0.webp
红魔馆后院_2_0,03/11_2_0.webp
红魔馆后院_3_0,03/11_3_0.webp
红魔馆后院_4_0,03/11_4_0.webp
红魔馆后院_1_1,03/11_1_1.webp
红魔馆后院_2_1,03/11_2_1.webp
红魔馆后院_3_1,03/11_3_1.webp
红魔馆后院_4_1,03/11_4_1.webp

雾之湖湖畔_1_0,03/12_1_0.webp
雾之湖湖畔_2_0,03/12_2_0.webp
雾之湖湖畔_3_0,03/12_3_0.webp
雾之湖湖畔_4_0,03/12_4_0.webp
雾之湖湖畔_1_1,03/12_1_1.webp
雾之湖湖畔_2_1,03/12_2_1.webp
雾之湖湖畔_3_1,03/12_3_1.webp
雾之湖湖畔_4_1,03/12_4_1.webp

红魔馆露台_1_0,03/13_1_0.webp
红魔馆露台_2_0,03/13_2_0.webp
红魔馆露台_3_0,03/13_3_0.webp
红魔馆露台_4_0,03/13_4_0.webp
红魔馆露台_1_1,03/13_1_1.webp
红魔馆露台_2_1,03/13_2_1.webp
红魔馆露台_3_1,03/13_3_1.webp
红魔馆露台_4_1,03/13_4_1.webp

大妖精的家_0_0,03/14_0_0.webp
大妖精的家_0_1,03/14_0_1.webp

冰屋_0_0,03/15_0_0.webp
冰屋_0_1,03/15_0_1.webp

雾之湖湖底_0_0,03/16_0_0.webp

废洋馆大厅_0_0,03/17_0_0.webp
废洋馆大厅_0_1,03/17_0_1.webp

废洋馆卧室_0_0,03/18_0_0.webp
废洋馆卧室_0_1,03/18_0_1.webp

红魔馆浴场_0_0,03/19_0_0.webp

佣人间_0_0,03/20_0_0.webp

芙兰私室_0_0,03/21_0_0.webp

二楼走廊_0_0,03/22_0_0.webp
二楼走廊_0_1,03/22_0_1.webp

咲夜私室_0_0,03/23_0_0.webp
咲夜私室_0_1,03/23_0_1.webp

红魔馆空房间_0_0,03/24_0_0.webp
红魔馆空房间_0_1,03/24_0_1.webp

蕾米私室_0_0,03/25_0_0.webp
蕾米私室_0_1,03/25_0_1.webp

红魔馆值班室_0_0,03/26_0_0.webp
红魔馆值班室_0_1,03/26_0_1.webp

红魔馆厕所_0_0,03/27_0_0.webp

红魔馆厨房_0_0,03/28_0_0.webp
红魔馆厨房_0_1,03/28_0_1.webp
;04
竹林_1_0,04/1_1_0.webp
竹林_2_0,04/1_2_0.webp
竹林_3_0,04/1_3_0.webp
竹林_4_0,04/1_4_0.webp
竹林_1_1,04/1_1_1.webp
竹林_2_1,04/1_2_1.webp
竹林_3_1,04/1_3_1.webp
竹林_4_1,04/1_4_1.webp

永远亭外_1_0,04/2_1_0.webp
永远亭外_2_0,04/2_2_0.webp
永远亭外_3_0,04/2_3_0.webp
永远亭外_4_0,04/2_4_0.webp
永远亭外_1_1,04/2_1_1.webp
永远亭外_2_1,04/2_2_1.webp
永远亭外_3_1,04/2_3_1.webp
永远亭外_4_1,04/2_4_1.webp

太阳花田_1_0,04/3_1_0.webp
太阳花田_2_0,04/3_2_0.webp
太阳花田_3_0,04/3_3_0.webp
太阳花田_4_0,04/3_4_0.webp
太阳花田_1_1,04/3_1_1.webp
太阳花田_2_1,04/3_2_1.webp
太阳花田_3_1,04/3_3_1.webp
太阳花田_4_1,04/3_4_1.webp

永远亭走廊_0_0,04/5_0_0.webp
永远亭走廊_0_1,04/5_0_1.webp

永远亭起居室_0_0,04/6_0_0.webp
永远亭起居室_0_1,04/6_0_1.webp

永远亭卧室_0_0,04/7_0_0.webp
永远亭卧室_0_1,04/7_0_1.webp

竹林居所_1_0,04/8_1_0.webp
竹林居所_2_0,04/8_2_0.webp
竹林居所_3_0,04/8_3_0.webp
竹林居所_4_0,04/8_4_0.webp
竹林居所_1_1,04/8_1_1.webp
竹林居所_2_1,04/8_2_1.webp
竹林居所_3_1,04/8_3_1.webp
竹林居所_4_1,04/8_4_1.webp

花田居所_1_0,04/9_1_0.webp
花田居所_2_0,04/9_2_0.webp
花田居所_3_0,04/9_3_0.webp
花田居所_4_0,04/9_4_0.webp
花田居所_1_1,04/9_1_1.webp
花田居所_2_1,04/9_2_1.webp
花田居所_3_1,04/9_3_1.webp
花田居所_4_1,04/9_4_1.webp

梦幻馆外_1_0,04/10_1_0.webp
梦幻馆外_2_0,04/10_2_0.webp
梦幻馆外_3_0,04/10_3_0.webp
梦幻馆外_4_0,04/10_4_0.webp
梦幻馆外_1_1,04/10_1_1.webp
梦幻馆外_2_1,04/10_2_1.webp
梦幻馆外_3_1,04/10_3_1.webp
梦幻馆外_4_1,04/10_4_1.webp

梦幻馆卧室_0_0,04/11_0_0.webp
梦幻馆卧室_0_1,04/11_0_1.webp

梦幻馆客厅_0_0,04/12_0_0.webp
梦幻馆客厅_0_1,04/12_0_1.webp

梦幻馆大厅_0_0,04/13_0_0.webp
梦幻馆大厅_0_1,04/13_0_1.webp

梦幻馆餐厅_0_0,04/14_0_0.webp
梦幻馆餐厅_0_1,04/14_0_1.webp

夜雀小摊_1_0,04/15_1_0.webp
夜雀小摊_1_1,04/15_1_1.webp
夜雀小摊_2_0,04/15_2_0.webp
夜雀小摊_2_1,04/15_2_1.webp
夜雀小摊_3_0,04/15_3_0.webp
夜雀小摊_3_1,04/15_3_1.webp
夜雀小摊_4_0,04/15_4_0.webp
夜雀小摊_4_1,04/15_4_1.webp

竹林温泉_1_0,04/16_1_0.webp
竹林温泉_1_1,04/16_1_1.webp
竹林温泉_2_0,04/16_2_0.webp
竹林温泉_2_1,04/16_2_1.webp
竹林温泉_3_0,04/16_3_0.webp
竹林温泉_3_1,04/16_3_1.webp
竹林温泉_4_0,04/16_4_0.webp
竹林温泉_4_1,04/16_4_1.webp

永远亭外景走廊_1_0,04/17_1_0.webp
永远亭外景走廊_1_1,04/17_1_1.webp
永远亭外景走廊_2_0,04/17_2_0.webp
永远亭外景走廊_2_1,04/17_2_1.webp
永远亭外景走廊_3_0,04/17_3_0.webp
永远亭外景走廊_3_1,04/17_3_1.webp
永远亭外景走廊_4_0,04/17_4_0.webp
永远亭外景走廊_4_1,04/17_4_1.webp

永远亭后院_1_0,04/18_1_0.webp
永远亭后院_1_1,04/18_1_1.webp
永远亭后院_2_0,04/18_2_0.webp
永远亭后院_2_1,04/18_2_1.webp
永远亭后院_3_0,04/18_3_0.webp
永远亭后院_3_1,04/18_3_1.webp
永远亭后院_4_0,04/18_4_0.webp
永远亭后院_4_1,04/18_4_1.webp

梦幻馆阳台_1_0,04/19_1_0.webp
梦幻馆阳台_1_1,04/19_1_1.webp
梦幻馆阳台_2_0,04/19_2_0.webp
梦幻馆阳台_2_1,04/19_2_1.webp
梦幻馆阳台_3_0,04/19_3_0.webp
梦幻馆阳台_3_1,04/19_3_1.webp
梦幻馆阳台_4_0,04/19_4_0.webp
梦幻馆阳台_4_1,04/19_4_1.webp

梦幻馆露台_1_0,04/20_1_0.webp
梦幻馆露台_1_1,04/20_1_1.webp
梦幻馆露台_2_0,04/20_2_0.webp
梦幻馆露台_2_1,04/20_2_1.webp
梦幻馆露台_3_0,04/20_3_0.webp
梦幻馆露台_3_1,04/20_3_1.webp
梦幻馆露台_4_0,04/20_4_0.webp
梦幻馆露台_4_1,04/20_4_1.webp

永远亭候诊室_0_0,04/21_0_0.webp
永远亭候诊室_0_1,04/21_0_1.webp

永远亭配药室_0_0,04/22_0_0.webp
永远亭配药室_0_1,04/22_0_1.webp

永远亭厕所_0_0,04/23_0_0.webp
永远亭厕所_0_1,04/23_0_1.webp

永远亭客厅_0_0,04/24_0_0.webp
永远亭客厅_0_1,04/24_0_1.webp

永远亭厨房_0_0,04/25_0_0.webp
永远亭厨房_0_1,04/25_0_1.webp

永远亭浴室_0_0,04/26_0_0.webp
永远亭浴室_0_1,04/26_0_1.webp

梦幻馆玄关_0_0,04/27_0_0.webp
梦幻馆玄关_0_1,04/27_0_1.webp

梦幻馆浴室_0_0,04/28_0_0.webp
梦幻馆浴室_0_1,04/28_0_1.webp

梦幻馆走廊_0_0,04/29_0_0.webp
梦幻馆走廊_0_1,04/29_0_1.webp

永远亭诊疗室_0_0,04/30_0_0.webp
永远亭诊疗室_0_1,04/30_0_1.webp

永远亭仓库_0_0,04/31_0_0.webp

梦幻馆厕所_0_0,04/32_0_0.webp

梦幻馆仓库_0_0,04/33_0_0.webp

;05
魔法之森入口_1_0,05/1_1_0.webp
魔法之森入口_1_1,05/1_1_1.webp
魔法之森入口_2_0,05/1_2_0.webp
魔法之森入口_2_1,05/1_2_1.webp
魔法之森入口_3_0,05/1_3_0.webp
魔法之森入口_3_1,05/1_3_1.webp
魔法之森入口_4_0,05/1_4_0.webp
魔法之森入口_4_1,05/1_4_1.webp

魔法之森岔道_1_0,05/2_1_0.webp
魔法之森岔道_1_1,05/2_1_1.webp
魔法之森岔道_2_0,05/2_2_0.webp
魔法之森岔道_2_1,05/2_2_1.webp
魔法之森岔道_3_0,05/2_3_0.webp
魔法之森岔道_3_1,05/2_3_1.webp
魔法之森岔道_4_0,05/2_4_0.webp
魔法之森岔道_4_1,05/2_4_1.webp

魔法广场_1_0,05/3_1_0.webp
魔法广场_1_1,05/3_1_1.webp
魔法广场_2_0,05/3_2_0.webp
魔法广场_2_1,05/3_2_1.webp
魔法广场_3_0,05/3_3_0.webp
魔法广场_3_1,05/3_3_1.webp
魔法广场_4_0,05/3_4_0.webp
魔法广场_4_1,05/3_4_1.webp

古木的大树_1_0,05/4_1_0.webp
古木的大树_1_1,05/4_1_1.webp
古木的大树_2_0,05/4_2_0.webp
古木的大树_2_1,05/4_2_1.webp
古木的大树_3_0,05/4_3_0.webp
古木的大树_3_1,05/4_3_1.webp
古木的大树_4_0,05/4_4_0.webp
古木的大树_4_1,05/4_4_1.webp

菌菇丛生地_1_0,05/5_1_0.webp
菌菇丛生地_1_1,05/5_1_1.webp
菌菇丛生地_2_0,05/5_2_0.webp
菌菇丛生地_2_1,05/5_2_1.webp
菌菇丛生地_3_0,05/5_3_0.webp
菌菇丛生地_3_1,05/5_3_1.webp
菌菇丛生地_4_0,05/5_4_0.webp
菌菇丛生地_4_1,05/5_4_1.webp

再思之道_1_0,05/6_1_0.webp
再思之道_1_1,05/6_1_1.webp
再思之道_2_0,05/6_2_0.webp
再思之道_2_1,05/6_2_1.webp
再思之道_3_0,05/6_3_0.webp
再思之道_3_1,05/6_3_1.webp
再思之道_4_0,05/6_4_0.webp
再思之道_4_1,05/6_4_1.webp

人偶洋馆前_1_0,05/7_1_0.webp
人偶洋馆前_1_1,05/7_1_1.webp
人偶洋馆前_2_0,05/7_2_0.webp
人偶洋馆前_2_1,05/7_2_1.webp
人偶洋馆前_3_0,05/7_3_0.webp
人偶洋馆前_3_1,05/7_3_1.webp
人偶洋馆前_4_0,05/7_4_0.webp
人偶洋馆前_4_1,05/7_4_1.webp

人偶洋馆阳台_1_0,05/8_1_0.webp
人偶洋馆阳台_1_1,05/8_1_1.webp
人偶洋馆阳台_2_0,05/8_2_0.webp
人偶洋馆阳台_2_1,05/8_2_1.webp
人偶洋馆阳台_3_0,05/8_3_0.webp
人偶洋馆阳台_3_1,05/8_3_1.webp
人偶洋馆阳台_4_0,05/8_4_0.webp
人偶洋馆阳台_4_1,05/8_4_1.webp

人偶洋馆客厅_0_0,05/9_0_0.webp
人偶洋馆客厅_0_1,05/9_0_1.webp

人偶洋馆卧室_0_0,05/10_0_0.webp
人偶洋馆卧室_0_1,05/10_0_1.webp

人偶洋馆研究室_0_0,05/11_0_0.webp
人偶洋馆研究室_0_1,05/11_0_1.webp

人偶洋馆二楼_0_0,05/12_0_0.webp
人偶洋馆二楼_0_1,05/12_0_1.webp

人偶洋馆浴室_0_0,05/13_0_0.webp
人偶洋馆浴室_0_1,05/13_0_1.webp

人偶洋馆仓库_0_0,05/14_0_0.webp
人偶洋馆仓库_0_1,05/14_0_1.webp

雾雨魔法店_0_0,05/15_0_0.webp

魔理沙宅客厅_0_0,05/16_0_0.webp
魔理沙宅客厅_0_1,05/16_0_1.webp

魔理沙宅寝室_0_0,05/17_0_0.webp
魔理沙宅寝室_0_1,05/17_0_1.webp

魔理沙宅研究室_0_0,05/18_0_0.webp
魔理沙宅研究室_0_1,05/18_0_1.webp

魔理沙宅仓库_0_0,05/19_0_0.webp

魔理沙宅浴室_0_0,05/20_0_0.webp

艾伦魔法店_0_0,05/21_0_0.webp
艾伦魔法店_0_1,05/21_0_1.webp

艾伦宅仓库_0_0,05/22_0_0.webp

艾伦宅寝室_0_0,05/23_0_0.webp

艾伦宅浴室_0_0,05/24_0_0.webp

成美的小屋_0_0,05/25_0_0.webp

慧之子的栖息处_0_0,05/26_0_0.webp

露米娅的栖息处_0_0,05/27_0_0.webp
露米娅的栖息处_0_1,05/27_0_1.webp

无缘塚_0_0,05/28_0_0.webp
无缘塚_0_1,05/28_0_1.webp

香霖堂_0_0,05/29_0_0.webp
香霖堂_0_1,05/29_0_1.webp

莉格露的栖息处_0_0,05/30_0_0.webp
莉格露的栖息处_0_1,05/30_0_1.webp

朱鹭子的栖息处_0_0,05/31_0_0.webp
朱鹭子的栖息处_0_1,05/31_0_1.webp

;06
中有之道_0_0,06/1_0_0.webp

三途之川_0_0,06/2_0_0.webp
三途之川_0_1,06/2_0_1.webp

彼岸_0_0,06/3_0_0.webp
彼岸_0_1,06/3_0_1.webp

地狱_0_0,06/4_0_0.webp

润美的家_0_0,06/5_0_0.webp
润美的家_0_1,06/5_0_1.webp

璎花的家_0_0,06/6_0_0.webp
璎花的家_0_1,06/6_0_1.webp

是非曲直厅大堂_0_0,06/7_0_0.webp

法庭_0_0,06/8_0_0.webp

是非曲直厅走廊_0_0,06/9_0_0.webp

是非曲直厅等候室_0_0,06/10_0_0.webp

是非曲直厅通用私室_0_0,06/11_0_0.webp
是非曲直厅通用私室_0_1,06/11_0_1.webp

是非曲直厅浴室_0_0,06/12_0_0.webp
是非曲直厅浴室_0_1,06/12_0_1.webp

冥界之门_0_0,06/13_0_0.webp
冥界之门_0_1,06/13_0_1.webp

白玉楼庭_0_0,06/14_0_0.webp
白玉楼庭_0_1,06/14_0_1.webp

白玉楼走廊_0_0,06/15_0_0.webp
白玉楼走廊_0_1,06/15_0_1.webp

幽幽子私室_0_0,06/16_0_0.webp
幽幽子私室_0_1,06/16_0_1.webp

白玉楼通用私室_0_0,06/17_0_0.webp
白玉楼通用私室_0_1,06/17_0_1.webp

白玉楼厨房_0_0,06/18_0_0.webp
白玉楼厨房_0_1,06/18_0_1.webp

白玉楼浴室_0_0,06/19_0_0.webp
白玉楼浴室_0_1,06/19_0_1.webp

白玉楼客厅_0_0,06/20_0_0.webp
白玉楼客厅_0_1,06/20_0_1.webp

西行妖_0_0,06/21_0_0.webp
西行妖_0_1,06/21_0_1.webp

八云邸玄关_0_0,06/22_0_0.webp
八云邸玄关_0_1,06/22_0_1.webp

八云邸走廊_0_0,06/23_0_0.webp

八云邸庭_0_0,06/24_0_0.webp
八云邸庭_0_1,06/24_0_1.webp

紫私室_0_0,06/25_0_0.webp
紫私室_0_1,06/25_0_1.webp

八云邸通用私室_0_0,06/26_0_0.webp
八云邸通用私室_0_1,06/26_0_1.webp

八云邸浴室_0_0,06/27_0_0.webp

八云邸厨房_0_0,06/28_0_0.webp
八云邸厨房_0_1,06/28_0_1.webp

八云邸客厅_0_0,06/29_0_0.webp
八云邸客厅_0_1,06/29_0_1.webp

异界的关卡_0_0,06/30_0_0.webp

畜生界大都市_0_0,06/31_0_0.webp

畜生界通用浴室_0_0,06/32_0_0.webp

畜生界通用客厅_0_0,06/33_0_0.webp

畜生界通用寝室_0_0,06/34_0_0.webp

灵长园_0_0,06/35_0_0.webp

灵长园浴室_0_0,06/36_0_0.webp

灵长园通用私室_0_0,06/37_0_0.webp

;07
树海道入口_1_0,07/1_1_0.webp
树海道入口_2_0,07/1_2_0.webp
树海道入口_3_0,07/1_3_0.webp
树海道入口_4_0,07/1_4_0.webp
树海道入口_1_1,07/1_1_1.webp
树海道入口_2_1,07/1_2_1.webp
树海道入口_3_1,07/1_3_1.webp
树海道入口_4_1,07/1_4_1.webp

妖怪之山山道_1_0,07/2_1_0.webp
妖怪之山山道_2_0,07/2_2_0.webp
妖怪之山山道_3_0,07/2_3_0.webp
妖怪之山山道_4_0,07/2_4_0.webp
妖怪之山山道_1_1,07/2_1_1.webp
妖怪之山山道_2_1,07/2_2_1.webp
妖怪之山山道_3_1,07/2_3_1.webp
妖怪之山山道_4_1,07/2_4_1.webp

玄武之泽_1_0,07/3_1_0.webp
玄武之泽_2_0,07/3_2_0.webp
玄武之泽_3_0,07/3_3_0.webp
玄武之泽_4_0,07/3_4_0.webp
玄武之泽_1_1,07/3_1_1.webp
玄武之泽_2_1,07/3_2_1.webp
玄武之泽_3_1,07/3_3_1.webp
玄武之泽_4_1,07/3_4_1.webp

猫之里_1_0,07/4_1_0.webp
猫之里_2_0,07/4_2_0.webp
猫之里_3_0,07/4_3_0.webp
猫之里_4_0,07/4_4_0.webp
猫之里_1_1,07/4_1_1.webp
猫之里_2_1,07/4_2_1.webp
猫之里_3_1,07/4_3_1.webp
猫之里_4_1,07/4_4_1.webp

大蛤蟆之池_1_0,07/5_1_0.webp
大蛤蟆之池_2_0,07/5_2_0.webp
大蛤蟆之池_3_0,07/5_3_0.webp
大蛤蟆之池_4_0,07/5_4_0.webp
大蛤蟆之池_1_1,07/5_1_1.webp
大蛤蟆之池_2_1,07/5_2_1.webp
大蛤蟆之池_3_1,07/5_3_1.webp
大蛤蟆之池_4_1,07/5_4_1.webp

秘天崖_1_0,07/6_1_0.webp
秘天崖_2_0,07/6_2_0.webp
秘天崖_3_0,07/6_3_0.webp
秘天崖_4_0,07/6_4_0.webp
秘天崖_1_1,07/6_1_1.webp
秘天崖_2_1,07/6_2_1.webp
秘天崖_3_1,07/6_3_1.webp
秘天崖_4_1,07/6_4_1.webp

秋姐妹田_1_0,07/7_1_0.webp
秋姐妹田_2_0,07/7_2_0.webp
秋姐妹田_3_0,07/7_3_0.webp
秋姐妹田_4_0,07/7_4_0.webp
秋姐妹田_1_1,07/7_1_1.webp
秋姐妹田_2_1,07/7_2_1.webp
秋姐妹田_3_1,07/7_3_1.webp
秋姐妹田_4_1,07/7_4_1.webp

圣域入口_1_0,07/8_1_0.webp
圣域入口_2_0,07/8_2_0.webp
圣域入口_3_0,07/8_3_0.webp
圣域入口_4_0,07/8_4_0.webp
圣域入口_1_1,07/8_1_1.webp
圣域入口_2_1,07/8_2_1.webp
圣域入口_3_1,07/8_3_1.webp
圣域入口_4_1,07/8_4_1.webp

秋姐妹的家玄关_0_0,07/9_0_0.webp
秋姐妹的家玄关_0_1,07/9_0_1.webp

秋姐妹的私室_0_0,07/10_0_0.webp
秋姐妹的私室_0_1,07/10_0_1.webp

招财猫的家_0_0,07/11_0_0.webp
招财猫的家_0_1,07/11_0_1.webp

山童宣传站_0_0,07/12_0_0.webp
山童宣传站_0_1,07/12_0_1.webp

仙人宅邸玄关_0_0,07/14_0_0.webp
仙人宅邸玄关_0_1,07/14_0_1.webp

仙人宅邸厨房_0_0,07/15_0_0.webp
仙人宅邸厨房_0_1,07/15_0_1.webp

仙人宅邸道场_0_0,07/16_0_0.webp
仙人宅邸道场_0_1,07/16_0_1.webp

仙人宅邸庭_0_0,07/17_0_0.webp
仙人宅邸庭_0_1,07/17_0_1.webp

仙人宅邸浴室_0_0,07/18_0_0.webp
仙人宅邸浴室_0_1,07/18_0_1.webp

仙人宅邸二楼客厅_0_0,07/19_0_0.webp
仙人宅邸二楼客厅_0_1,07/19_0_1.webp

仙人宅邸书房_0_0,07/20_0_0.webp
仙人宅邸书房_0_1,07/20_0_1.webp

仙人宅邸大鹫屋_0_0,07/21_0_0.webp
仙人宅邸大鹫屋_0_1,07/21_0_1.webp

仙人宅邸起居室_0_0,07/22_0_0.webp
仙人宅邸起居室_0_1,07/22_0_1.webp

仙人宅邸主卧_0_0,07/23_0_0.webp
仙人宅邸主卧_0_1,07/23_0_1.webp

仙人宅邸客房_0_0,07/24_0_0.webp
仙人宅邸客房_0_1,07/24_0_1.webp

间歇泉地下中枢_0_0,07/25_0_0.webp
间歇泉地下中枢_0_1,07/25_0_1.webp

山中密道_0_0,07/26_0_0.webp
山中密道_0_1,07/26_0_1.webp

圣域深道_0_0,07/27_0_0.webp
圣域深道_0_1,07/27_0_1.webp

猿猴通路_0_0,07/28_0_0.webp
猿猴通路_0_1,07/28_0_1.webp

月都秘道_0_0,07/29_0_0.webp
月都秘道_0_1,07/29_0_1.webp

河童宣传站_0_0,07/30_0_0.webp

浅间净秽山_0_0,07/31_0_0.webp

四季竖穴_0_0,07/32_0_0.webp

净秽山私室_0_0,07/33_0_0.webp

净秽山浴室_0_0,07/34_0_0.webp

化石丛林_0_0,07/35_0_0.webp

月海通路_0_0,07/36_0_0.webp

化石深道_0_0,07/37_0_0.webp

磐永神社本殿_0_0,07/38_0_0.webp

磐永神社内屋_0_0,07/39_0_0.webp

;08
山顶入口_1_0,08/1_1_0.webp
山顶入口_2_0,08/1_2_0.webp
山顶入口_3_0,08/1_3_0.webp
山顶入口_4_0,08/1_4_0.webp
山顶入口_1_1,08/1_1_1.webp
山顶入口_2_1,08/1_2_1.webp
山顶入口_3_1,08/1_3_1.webp
山顶入口_4_1,08/1_4_1.webp

山顶桥上_1_0,08/2_1_0.webp
山顶桥上_2_0,08/2_2_0.webp
山顶桥上_3_0,08/2_3_0.webp
山顶桥上_4_0,08/2_4_0.webp
山顶桥上_1_1,08/2_1_1.webp
山顶桥上_2_1,08/2_2_1.webp
山顶桥上_3_1,08/2_3_1.webp
山顶桥上_4_1,08/2_4_1.webp

索道站_1_0,08/3_1_0.webp
索道站_2_0,08/3_2_0.webp
索道站_3_0,08/3_3_0.webp
索道站_4_0,08/3_4_0.webp
索道站_1_1,08/3_1_1.webp
索道站_2_1,08/3_2_1.webp
索道站_3_1,08/3_3_1.webp
索道站_4_1,08/3_4_1.webp

顶上_1_0,08/4_1_0.webp
顶上_2_0,08/4_2_0.webp
顶上_3_0,08/4_3_0.webp
顶上_4_0,08/4_4_0.webp
顶上_1_1,08/4_1_1.webp
顶上_2_1,08/4_2_1.webp
顶上_3_1,08/4_3_1.webp
顶上_4_1,08/4_4_1.webp

守矢参道_1_0,08/5_1_0.webp
守矢参道_2_0,08/5_2_0.webp
守矢参道_3_0,08/5_3_0.webp
守矢参道_4_0,08/5_4_0.webp
守矢参道_1_1,08/5_1_1.webp
守矢参道_2_1,08/5_2_1.webp
守矢参道_3_1,08/5_3_1.webp
守矢参道_4_1,08/5_4_1.webp

守矢神社境内_1_0,08/6_1_0.webp
守矢神社境内_2_0,08/6_2_0.webp
守矢神社境内_3_0,08/6_3_0.webp
守矢神社境内_4_0,08/6_4_0.webp
守矢神社境内_1_1,08/6_1_1.webp
守矢神社境内_2_1,08/6_2_1.webp
守矢神社境内_3_1,08/6_3_1.webp
守矢神社境内_4_1,08/6_4_1.webp

山之湖_1_0,08/7_1_0.webp
山之湖_2_0,08/7_2_0.webp
山之湖_3_0,08/7_3_0.webp
山之湖_4_0,08/7_4_0.webp
山之湖_1_1,08/7_1_1.webp
山之湖_2_1,08/7_2_1.webp
山之湖_3_1,08/7_3_1.webp
山之湖_4_1,08/7_4_1.webp

守矢神社庭院_1_0,08/8_1_0.webp
守矢神社庭院_2_0,08/8_2_0.webp
守矢神社庭院_3_0,08/8_3_0.webp
守矢神社庭院_4_0,08/8_4_0.webp
守矢神社庭院_1_1,08/8_1_1.webp
守矢神社庭院_2_1,08/8_2_1.webp
守矢神社庭院_3_1,08/8_3_1.webp
守矢神社庭院_4_1,08/8_4_1.webp

守矢神社走廊_1_0,08/9_1_0.webp
守矢神社走廊_2_0,08/9_2_0.webp
守矢神社走廊_3_0,08/9_3_0.webp
守矢神社走廊_4_0,08/9_4_0.webp
守矢神社走廊_1_1,08/9_1_1.webp
守矢神社走廊_2_1,08/9_2_1.webp
守矢神社走廊_3_1,08/9_3_1.webp
守矢神社走廊_4_1,08/9_4_1.webp

桃林_1_0,08/10_1_0.webp
桃林_2_0,08/10_2_0.webp
桃林_3_0,08/10_3_0.webp
桃林_4_0,08/10_4_0.webp
桃林_1_1,08/10_1_1.webp
桃林_2_1,08/10_2_1.webp
桃林_3_1,08/10_3_1.webp
桃林_4_1,08/10_4_1.webp

龙宅前院_1_0,08/11_1_0.webp
龙宅前院_2_0,08/11_2_0.webp
龙宅前院_3_0,08/11_3_0.webp
龙宅前院_4_0,08/11_4_0.webp
龙宅前院_1_1,08/11_1_1.webp
龙宅前院_2_1,08/11_2_1.webp
龙宅前院_3_1,08/11_3_1.webp
龙宅前院_4_1,08/11_4_1.webp

龙宅露台_1_0,08/12_1_0.webp
龙宅露台_2_0,08/12_2_0.webp
龙宅露台_3_0,08/12_3_0.webp
龙宅露台_4_0,08/12_4_0.webp
龙宅露台_1_1,08/12_1_1.webp
龙宅露台_2_1,08/12_2_1.webp
龙宅露台_3_1,08/12_3_1.webp
龙宅露台_4_1,08/12_4_1.webp

虹龙洞_1_0,08/13_1_0.webp
虹龙洞_2_0,08/13_2_0.webp
虹龙洞_3_0,08/13_3_0.webp
虹龙洞_4_0,08/13_4_0.webp
虹龙洞_1_1,08/13_1_1.webp
虹龙洞_2_1,08/13_2_1.webp
虹龙洞_3_1,08/13_3_1.webp
虹龙洞_4_1,08/13_4_1.webp

龙宅后院_1_0,08/14_1_0.webp
龙宅后院_2_0,08/14_2_0.webp
龙宅后院_3_0,08/14_3_0.webp
龙宅后院_4_0,08/14_4_0.webp
龙宅后院_1_1,08/14_1_1.webp
龙宅后院_2_1,08/14_2_1.webp
龙宅后院_3_1,08/14_3_1.webp
龙宅后院_4_1,08/14_4_1.webp

瀑布背面_0_0,08/15_0_0.webp
瀑布背面_0_1,08/15_0_1.webp

守矢神社本殿_0_0,08/16_0_0.webp
守矢神社本殿_0_1,08/16_0_1.webp

守矢社务所_0_0,08/17_0_0.webp
守矢社务所_0_1,08/17_0_1.webp

守矢神社卧室_0_0,08/18_0_0.webp
守矢神社卧室_0_1,08/18_0_1.webp

守矢神社厨房房_0_0,08/19_0_0.webp
守矢神社厨房房_0_1,08/19_0_1.webp

守矢神社卫浴_0_0,08/20_0_0.webp
守矢神社卫浴_0_1,08/20_0_1.webp

玄云海_0_0,08/21_0_0.webp
玄云海_0_1,08/21_0_1.webp

比那名居邸前_0_0,08/22_0_0.webp
比那名居邸前_0_1,08/22_0_1.webp

有顶天街_0_0,08/23_0_0.webp
有顶天街_0_1,08/23_0_1.webp

比那名居邸会客厅_0_0,08/24_0_0.webp
比那名居邸会客厅_0_1,08/24_0_1.webp

比那名居邸厨房_0_0,08/25_0_0.webp
比那名居邸厨房_0_1,08/25_0_1.webp

比那名居邸浴室_0_0,08/26_0_0.webp
比那名居邸浴室_0_1,08/26_0_1.webp

比那名居邸客厅_0_0,08/27_0_0.webp
比那名居邸客厅_0_1,08/27_0_1.webp

比那名居邸和室_0_0,08/28_0_0.webp
比那名居邸和室_0_1,08/28_0_1.webp

天子私室_0_0,08/29_0_0.webp
天子私室_0_1,08/29_0_1.webp

衣玖私室_0_0,08/30_0_0.webp
衣玖私室_0_1,08/30_0_1.webp

龙宅走廊_0_0,08/31_0_0.webp
龙宅走廊_0_1,08/31_0_1.webp

龙宅客卧_0_0,08/32_0_0.webp
龙宅客卧_0_1,08/32_0_1.webp

龙宅主卧_0_0,08/33_0_0.webp
龙宅主卧_0_1,08/33_0_1.webp

龙宅客厅_0_0,08/34_0_0.webp
龙宅客厅_0_1,08/34_0_1.webp

龙宅餐厅_0_0,08/35_0_0.webp
龙宅餐厅_0_1,08/35_0_1.webp

龙宅厨房_0_0,08/36_0_0.webp
龙宅厨房_0_1,08/36_0_1.webp

龙宅工作间_0_0,08/37_0_0.webp
龙宅工作间_0_1,08/37_0_1.webp

龙宅浴室_0_0,08/38_0_0.webp

百百世的家_0_0,08/39_0_0.webp

比那名居邸库房_0_0,08/40_0_0.webp

比那名居邸玄关_0_0,08/41_0_0.webp

守矢神社客厅_0_0,08/42_0_0.webp

守矢神社走廊_0_0,08/43_0_0.webp


;09
地灵殿前_0_0,09/1_0_0.webp

地灵殿客厅_0_0,09/2_0_0.webp

地灵殿一楼走廊_0_0,09/3_0_0.webp

地灵殿厕所_0_0,09/4_0_0.webp

地灵殿厨房_0_0,09/5_0_0.webp

地灵殿仓库_0_0,09/6_0_0.webp

地灵殿通用卧室_0_0,09/7_0_0.webp

地灵殿餐厅_0_0,09/8_0_0.webp

地灵殿二楼走廊_0_0,09/9_0_0.webp

地灵殿露台_0_0,09/10_0_0.webp

恋私室_0_0,09/11_0_0.webp

觉私室_0_0,09/12_0_0.webp

地灵殿书房_0_0,09/13_0_0.webp

地灵殿浴室_0_0,09/14_0_0.webp

地灵殿后院_0_0,09/15_0_0.webp

地灵殿蔷薇园_0_0,09/16_0_0.webp

地灵殿中庭_0_0,09/17_0_0.webp

灼热地狱_0_0,09/18_0_0.webp

人工太阳_0_0,09/19_0_0.webp

血池地狱_0_0,09/20_0_0.webp

旧都大街_0_0,09/21_0_0.webp

旧都后街_0_0,09/22_0_0.webp

旧都酒楼_0_0,09/23_0_0.webp

旧都温泉_0_0,09/24_0_0.webp

旧都内部小屋_0_0,09/25_0_0.webp

鬼的聚集场所_0_0,09/26_0_0.webp

旧都小胡同_0_0,09/27_0_0.webp

旧都外围小屋_0_0,09/28_0_0.webp

旧都外围街道_0_0,09/29_0_0.webp

旧地狱河畔_0_0,09/30_0_0.webp

旧地狱桥_0_0,09/31_0_0.webp

幻想风穴_0_0,09/32_0_0.webp

槐安通路_0_0,10/1_0_0.webp
月之都_0_0,10/2_0_0.webp
玉兔街_0_0,10/3_0_0.webp
玉兔街广场_0_0,10/4_0_0.webp
月都宅邸_0_0,10/5_0_0.webp
月都卧室_0_0,10/6_0_0.webp
玉兔街私室_0_0,10/7_0_0.webp
玉兔街餐馆_0_0,10/8_0_0.webp
玉兔街甜品店_0_0,10/9_0_0.webp
玉兔街酒屋_0_0,10/10_0_0.webp
玉兔街蔬果店_0_0,10/11_0_0.webp
月都桃林_0_0,10/12_0_0.webp
月都静海沙滩_0_0,10/13_0_0.webp
月之静海_0_0,10/14_0_0.webp
绵月亭正门_0_0,10/15_0_0.webp
绵月亭玄关_0_0,10/16_0_0.webp
绵月亭一层回廊_0_0,10/17_0_0.webp
绵月亭值班室_0_0,10/18_0_0.webp
绵月亭玉兔食堂_0_0,10/19_0_0.webp
绵月亭餐厅_0_0,10/20_0_0.webp
绵月亭厨房_0_0,10/21_0_0.webp
绵月亭食料库_0_0,10/22_0_0.webp
绵月亭浴室_0_0,10/23_0_0.webp
绵月亭宝物库_0_0,10/24_0_0.webp
绵月亭客房_0_0,10/25_0_0.webp
绵月亭中庭_0_0,10/26_0_0.webp
绵月亭凉亭_0_0,10/27_0_0.webp
绵月亭二层回廊_0_0,10/28_0_0.webp
绵月亭丰姬私室_0_0,10/29_0_0.webp
绵月亭依姫私室_0_0,10/30_0_0.webp
绵月亭书房_0_0,10/31_0_0.webp
绵月亭会客厅_0_0,10/32_0_0.webp
哆来咪宅起居室_0_0,10/33_0_0.webp
哆来咪宅卧室_0_0,10/34_0_0.webp
哆来咪宅仓库_0_0,10/35_0_0.webp
哆来咪宅盥洗室_0_0,10/36_0_0.webp
哆来咪宅浴室_0_0,10/37_0_0.webp
纯狐邸玄关_0_0,10/38_0_0.webp
纯狐邸起居室_0_0,10/39_0_0.webp
纯狐邸厨房_0_0,10/40_0_0.webp
纯狐邸卧室_0_0,10/41_0_0.webp
纯狐邸仓库_0_0,10/42_0_0.webp
纯狐邸浴室_0_0,10/43_0_0.webp
纯狐邸中庭_0_0,10/44_0_0.webp
纯狐邸屋顶_0_0,10/45_0_0.webp

传送门_0_0,11/1_0_0.webp
萨拉小屋_0_0,11/2_0_0.webp
萨拉小屋浴室_0_0,11/3_0_0.webp
万魔殿仿_0_0,11/4_0_0.webp
黄昏街_0_0,11/5_0_0.webp
商贸城_0_0,11/6_0_0.webp
别墅区_0_0,11/7_0_0.webp
星辰之家外_0_0,11/8_0_0.webp
别墅区宅邸_0_0,11/9_0_0.webp
星辰之家走廊_0_0,11/10_0_0.webp
星辰之家公寓_0_0,11/11_0_0.webp
星辰之家浴室_0_0,11/12_0_0.webp
先知环形路_0_0,11/13_0_0.webp
智者写字楼外_0_0,11/14_0_0.webp
智者写字楼走廊_0_0,11/15_0_0.webp
朝仓研究室实验区_0_0,11/16_0_0.webp
朝仓研究室数据处理区_0_0,11/17_0_0.webp
朝仓私室_0_0,11/18_0_0.webp
朝仓浴室_0_0,11/19_0_0.webp
流光巷_0_0,11/20_0_0.webp
渡鸦小区外_0_0,11/21_0_0.webp
渡鸦小区走廊_0_0,11/22_0_0.webp
明罗道场_0_0,11/23_0_0.webp
魔眼仪式间_0_0,11/24_0_0.webp
矜羯罗练功房_0_0,11/25_0_0.webp
渡鸦小区厨房_0_0,11/26_0_0.webp
渡鸦小区卧室_0_0,11/27_0_0.webp
渡鸦小区浴室_0_0,11/28_0_0.webp
万魔殿庭院_0_0,11/29_0_0.webp
万魔殿大厅_0_0,11/30_0_0.webp
万魔殿一层左走廊_0_0,11/31_0_0.webp
万魔殿厨房_0_0,11/32_0_0.webp
万魔殿餐厅_0_0,11/33_0_0.webp
万魔殿一层右走廊_0_0,11/34_0_0.webp
万魔殿菜园_0_0,11/35_0_0.webp
万魔殿中控室_0_0,11/36_0_0.webp
万魔殿会客厅_0_0,11/37_0_0.webp
万魔殿二层左走廊_0_0,11/38_0_0.webp
万魔殿二层右走廊_0_0,11/39_0_0.webp
万魔殿宴会厅_0_0,11/40_0_0.webp
万魔殿客卧_0_0,11/41_0_0.webp
万魔殿大浴室_0_0,11/42_0_0.webp
万魔殿主卧_0_0,11/43_0_0.webp
堕落神殿殿_0_0,11/44_0_0.webp
堕落神殿主教堂_0_0,11/45_0_0.webp
堕落神殿会客室_0_0,11/46_0_0.webp
堕落神殿厨房_0_0,11/47_0_0.webp
堕落神殿走廊_0_0,11/48_0_0.webp
堕落神殿厕所_0_0,11/49_0_0.webp
堕落神殿浴室_0_0,11/50_0_0.webp
依莉斯卧室_0_0,11/51_0_0.webp
萨丽艾尔卧室_0_0,11/52_0_0.webp
冰雪世界冰原_0_0,11/53_0_0.webp
冰雪世界冰湖_0_0,11/54_0_0.webp
法界_0_0,11/55_0_0.webp

